48⥌0.99⥌Exquisa Frischkäse⥌;versch. Sorten und Fettstufen, 175g - 200g⥌edeka
  ⥌1.49⥌Mini Rispentomaten⥌;aus den Niederlanden, Klasse I, 400g⥌edeka
  ⥌4.44⥌Kulturheidelbeeren⥌;aus Marokko oder Spanien, Klasse I, 500g⥌edeka
  ⥌2.69⥌An der Bedientheke: Emmi Kaltbach Käse*⥌;versch. Sorten, z.B. Der Cremig-Würzige, 56% Fett, 100g, *gültig nur für die gekennzeichneten Aktionsartikel in teilnehmenden Märkten mit Bedientheke und solange der Vorrat reicht. Sortimentsabweichungen in einzelnen Märkten möglich.⥌edeka
41⥌1.59⥌Arla Kærgården⥌;versch. Sorten, 200g⥌edeka
33⥌1.79⥌Bergader Bergbauern Käse, Heumilchkäse oder Bergkäse⥌;in Scheiben, versch. Sorten und Fettstufen, 130g - 150g⥌edeka
29⥌7.49⥌Dallmayr Prodomo⥌;versch. Sorten, gemahlener Bohnenkaffee, vakuumverpackt, 500g⥌edeka
34⥌2.49⥌Kölln Müsli⥌;versch. Sorten, 380g - 600g⥌edeka
58⥌0.79⥌Delverde Pasta⥌;versch. Sorten und Ausformungen, 500g⥌edeka
40⥌1.99⥌Erasco Eintopf⥌;versch. Sorten, 800g⥌edeka
43⥌1.99⥌Dr. Oetker Ristorante Pizza, Piccola oder Bistro Flammkuchen⥌;tiefgefroren, versch. Sorten, z.B. Ristorante Pizza Salame, 320g⥌edeka
25⥌2.99⥌Mini Schokoriegel⥌;versch. Sorten, z.B. Snickers, 227g⥌edeka
25⥌11.99⥌Coca-Cola Cola*** oder Limonade⥌;versch. Sorten, 12x 1l (zzgl. € 3,30 Pfand). *Einmalig gratis dazu mit der EDEKA App: 2x 1l Flasche Coca-Cola Cola* oder Limonade (zzgl. je € 0,25 Pfand)⥌edeka
  ⥌7.99⥌Bepflanzter Terrassentopf⥌;versch. Ausführungen, XL, Topf⥌edeka
40⥌1.77⥌GRÜNLÄNDER Scheiben⥌;mit App: je 156 g (1 kg = 11.35); ohne App: je 156 g (1 kg = 12.12)⥌penny
50⥌1.29⥌MEGGLE Feine Butter*⥌;je 250 g (1 kg = 5.16)⥌penny
33⥌5.99⥌JACOBS Kaffee*⥌;mit App: je 500 g (1 kg = 11.98); ohne App: je 500 g (1 kg = 12.98)⥌penny
26⥌1.99⥌Pink Lady Rote Äpfel⥌;je 1-kg-Schale⥌penny
  ⥌1.29⥌NATURGUT Bio-Zucchini⥌;mit App: je 500-g-Netz (1 kg = 2.58); ohne App: je 500-g-Netz (1 kg = 2.98)⥌penny
  ⥌1.49⥌Himbeeren*⥌;je 125-g-Schale (1 kg = 11.92)⥌penny
  ⥌1.00⥌NATURGUT Bio Erdbeeren*⥌;je 200-g-Schale (1 kg = 5.00)⥌penny
  ⥌1.69⥌Rote Paprika⥌;je 500 g (1 kg = 3.38)⥌penny
  ⥌1.79⥌Dunkle, kernlose Tafeltrauben⥌;je 500-g-Schale (1 kg = 3.58)⥌penny
28⥌0.85⥌Avocado angereift⥌;je Stück⥌penny
25⥌2.99⥌Grüner Spargel⥌;je 400-g-Bund (1 kg = 7.48)⥌penny
36⥌2.22⥌Deutsche Speisekartoffeln⥌;je 5-kg-Netz (1 kg = 0.44)⥌penny
62⥌0.33⥌EHRMANN Almighurt⥌;mit App: je 150 g (1 kg = 2.20); ohne App: je 150 g (1 kg = 2.60)⥌penny
47⥌0.99⥌MIREE Frischkäse⥌;mit App: je 150 g (1 kg = 6.60); ohne App: je 150 g (1 kg = 7.40)⥌penny
47⥌0.99⥌EXQUISA Frischkäsezubereitung*⥌;mit App: je 200 g (1 kg = 4.95); ohne App: je 200 g (1 kg = 5.55)⥌penny
51⥌1.11⥌RAMA Brotaufstrich⥌;je 400 g (1 kg = 2.78)⥌penny
  ⥌2.29⥌PHILADELPHIA Frischkäsezubereitung⥌;je 195 g (1 kg = 11.74)⥌penny
  ⥌1.59⥌LINDENHOF Frischkäse⥌;je 300 g (1 kg = 5.30)⥌penny
33⥌1.59⥌ARLA Finello Reibekäse High Protein*⥌;je 150 g (1 kg = 10.60)⥌penny
33⥌1.59⥌ARLA Finello Reibekäse*⥌;je 150 g (1 kg = 10.60)⥌penny
37⥌0.49⥌EHRMANN Obstgarten*⥌;je 125 g (1 kg = 3.92)⥌penny
  ⥌1.99⥌DR. OETKER Grieß oder High Protein Pudding*⥌;je 400 g (1 kg = 4.98)⥌penny
31⥌1.49⥌KINDER Choco fresh⥌;je 5 x 20,5 g (1 kg = 14.54)⥌penny
  ⥌1.99⥌GLÜCKSKLEE Sprühsahne*⥌;je 250 ml (1 l = 7.96)⥌penny
  ⥌1.69⥌STARBUCKS Protein Drink*⥌;je 330 ml (1 l = 5.12)⥌penny
34⥌2.22⥌STARBUCKS Grande Cup*⥌;je 330 ml (1 l = 6.73)⥌penny
  ⥌1.99⥌ALPRO Baristadrink*⥌;je 1 I⥌penny
  ⥌5.99⥌BERIDA Fish & Chips*⥌;je 1.000 g⥌penny
  ⥌2.99⥌STEINHAUS Elsässer Flammkuchen*⥌;je 350 g (1 kg = 8.54)⥌penny
  ⥌6.99⥌BEN & JERRY’S Eisbecher⥌;je 465 ml (1 l = 15.03)⥌penny
  ⥌2.79⥌RIOS American Eisbecher⥌;je 500 ml (1 l = 5.58)⥌penny
44⥌2.49⥌LANGNESE Magnum*⥌;mit App: je 270 ml (1 I = 9.22); ohne App: je 270 ml (1 I = 11.07)⥌penny
44⥌2.22⥌SCHÖLLER Eis*⥌;je 9 x 45 ml (1 l = 5.48)⥌penny
16⥌3.49⥌DR. OETKER La Mia Grande Salame Piccante⥌;mit App: je 380 g (1 kg = 9.18); ohne App: je 380 g 4.19 (1 kg = 11.03)⥌penny
16⥌3.49⥌DR. OETKER La Mia Familia Vier Käse⥌;mit App: je 480 g (1 kg = 7.27); ohne App: je 480 g 4.19 (1 kg = 8.73)⥌penny
  ⥌0.39⥌MILPRIMA Fruuut auf Joghurt⥌;je 150 g (1 kg = 2.60)⥌penny
  ⥌0.59⥌MILPRIMA Sahnekefir⥌;je 250 g (1 kg = 2.36)⥌penny
  ⥌1.79⥌MILPRIMA Mini Max Quark⥌;je 12 x 60 g (1 kg = 2.49)⥌penny
  ⥌0.39⥌MILPRIMA Strudelpudding⥌;je 150 g (1 kg = 2.60)⥌penny
  ⥌1.99⥌MILPRIMA Activedrink⥌;je 8 x 100 g (1 kg = 2.49)⥌penny
  ⥌0.59⥌MILPRIMA Saure Sahne⥌;je 200 g (1 kg = 2.95)⥌penny
  ⥌0.59⥌MILPRIMA Reine Buttermilch⥌;je 500 g (1 kg = 1.18)⥌penny
  ⥌1.05⥌MILPRIMA Haltbare fettarme Milch⥌;je 1 I⥌penny
  ⥌1.35⥌MILPRIMA Faire H-Milch⥌;je 1 I⥌penny
15⥌0.75⥌MILPRIMA Schlagsahne⥌;mit App: je 200 g (1 kg = 3.75); ohne App: je 200 g 0.89 (1 kg = 4.45)⥌penny
16⥌0.99⥌MILPRIMA High Protein Drink⥌;mit App: je 350 g (1 kg = 2.83); ohne App: je 350 g 1.19 (1 kg = 3.40)⥌penny
24⥌1.89⥌MILPRIMA Joghurt⥌;je 1 kg⥌penny
40⥌2.39⥌MILKA Schokolade extra*⥌;mit App: je 190 g (1 kg = 12.58); ohne App: je 190 g (1 kg = 14.68)⥌penny
30⥌3.49⥌HARIBO Fruchtgummi*⥌;mit App: je 650 g (1 kg = 5.37); ohne App: je 650 g (1 kg = 5.68)⥌penny
33⥌1.99⥌MERCI Together⥌;je 175 g (1 kg = 11.37)⥌penny
  ⥌3.29⥌FERRERO Kinder Riegel⥌;je 10 x 21 g (1 kg = 15.67)⥌penny
  ⥌1.99⥌CHOCO’LA Schoko Milch Riegel⥌;je 11 x 18,18 g (1 kg = 9.95)⥌penny
31⥌1.49⥌SALTLETTS Tasty Rolls⥌;je 130 g (1 kg = 11.46)⥌penny
31⥌1.49⥌SALTLETTS Crunchy Bites*⥌;je 100 g (1 kg = 14.90)⥌penny
33⥌0.99⥌LAY’S Stax⥌;mit App: je 170 g (1 kg = 5.82); ohne App: je 170 g 1.49 (1 kg = 8.76)⥌penny
  ⥌5.99⥌MÜHLENHOF Frische Hähnchen-Schenkel*⥌;mit App: je 2.000-g-Packung (1 kg = 3.00); ohne App: je 2.000-g-Packung (1 kg = 3.25)⥌penny
  ⥌3.99⥌GRILLPARTY Frische Hähnchen-Mini-Schaschliks⥌;je 300-g-Packung (1 kg = 13.30)⥌penny
  ⥌6.29⥌GRILLPARTY Frische Hähnchen-Steaks⥌;je 550-g-Packung (1 kg = 11.44)⥌penny
  ⥌4.99⥌GRILLPARTY Frische Hähnchen-Minutenschnitzel⥌;je 400-g-Packung (1 kg = 12.48)⥌penny
  ⥌3.49⥌MÜHLENHOF Frische Schweine-Schälrippchen*⥌;z. B. 700 g (1 kg = 4.98)⥌penny
  ⥌3.99⥌MÜHLENHOF Frisches Schweine-Filet⥌;z. B. 500 g (1 kg = 7.98)⥌penny
  ⥌3.99⥌MÜHLENHOF Frisches Schweine-Hackfleisch*⥌;je 1.000-g-Packung⥌penny
  ⥌3.99⥌MÜHLENHOF Frischer bayerischer Leberkäse*⥌;je 800-g-Packung (1 kg = 4.99)⥌penny
  ⥌4.79⥌GRILLPARTY Frische Schweine-Nackensteaks⥌;je 600-g-Packung (1 kg = 7.98)⥌penny
  ⥌4.79⥌GRILLPARTY Frische Schweine-Nackensteaks⥌;je 600-g-Packung (1 kg = 7.98)⥌penny
  ⥌3.99⥌GRILLPARTY Frische Schweine-Grillfackeln⥌;je 360-g-Packung (1 kg = 11.08)⥌penny
  ⥌3.99⥌MÜHLENHOF Delikatess Hähnchen-Wiener*⥌;je 600 g (1 kg = 6.65)⥌penny
  ⥌1.49⥌BÖKLUNDER Kochwurst*⥌;je 200 g (1 kg = 7.45)⥌penny
  ⥌1.19⥌MÜHLENHOF Schinkenwurst oder Delikatess Geflügel-Mortadella*⥌;je 250 g (1 kg = 4.76)⥌penny
46⥌1.39⥌HERTA Finesse Aufschnitt⥌;je 100 g (1 kg = 13.90)⥌penny
43⥌1.29⥌WILTMANN Salami⥌;je 80 g (1 kg = 16.13)⥌penny
  ⥌1.29⥌BERLINKI Kabanos*⥌;je 85 g (1 kg = 15.18)⥌penny
33⥌1.99⥌BIFI Mini-Salami Original⥌;je 6 x 20 g (1 kg = 16.58)⥌penny
33⥌1.99⥌BIFI Original Roll⥌;je 3 x 45 g (1 kg = 14.74)⥌penny
19⥌4.49⥌MÜHLENHOF Frische Puten-Schnitzel⥌;mit App: je 500-g-Packung (1 kg = 8.98); ohne App: je 500-g-Packung 5.59 (1 kg = 11.18)⥌penny
30⥌1.11⥌RÜGENWALDER MÜHLE Veganer Aufschnitt⥌;mit App: je 80 g (1 kg = 13.88); ohne App: je 80 g 1.59 (1 kg = 19.88)⥌penny
32⥌13.99⥌MELITTA Bella Crema*⥌;je 1.000 g⥌penny
  ⥌1.49⥌REIS-FIT Spitzen-Langkorn oder Natur-Reis*⥌;je 5 x 125 g (1 kg = 2.38)⥌penny
33⥌0.99⥌KNORR Pasta Pot*⥌;je 62 g (1 kg = 15.97)⥌penny
44⥌1.11⥌APPEL Zarte Herings-Filets*⥌;je 200 g (1 kg = 5.55)⥌penny
  ⥌3.79⥌TEUTOBURGER ÖLMÜHLE Raps Kernöl*⥌;je 500 ml (1 l = 7.58)⥌penny
  ⥌3.79⥌NUTELLA Nuss-Nugat-Creme⥌;je 450 g (1 kg = 8.42)⥌penny
  ⥌1.99⥌CHOCO’LA Nuss-Nougat-Creme⥌;je 400 g (1 kg = 4.98)⥌penny
28⥌4.44⥌LAVAZZA Crema e Gusto oder Espresso italiano⥌;je 250 g (1 kg = 17.76)⥌penny
16⥌0.99⥌BÄCKERKRÖNUNG Sonntagsbrötchen⥌;mit App: je 560 g (1 kg = 1.77); ohne App: je 560 g 1.19 (1 kg = 2.13)⥌penny
42⥌3.99⥌JACOBS Tassimo Morning Café XL⥌;mit App: je 163,8 g (1 kg = 24.36); ohne App: je 163,8 g 6.99 (1 kg = 42.67)⥌penny
42⥌3.99⥌JACOBS Tassimo Krönung XL⥌;mit App: je 144 g (1 kg = 27.71); ohne App: je 144 g 6.99 (1 kg = 48.54)⥌penny
43⥌1.49⥌MIRACEL WHIP Salatcreme⥌;mit App: je 500 ml (1 l = 2.98); ohne App: je 500 ml 2.65 (1 l = 5.30)⥌penny
  ⥌5.99⥌SENSEO Pads XXL*⥌;mit App: je 333 g (1 kg = 17.99); ohne App: je 333 g (1 kg = 19.49)⥌penny
  ⥌3.33⥌LINDENHOF Gouda*⥌;je 500 g (1 kg = 6.66)⥌penny
  ⥌1.79⥌GREISINGER XXL Toastschinken*⥌;je 200 g (1 kg = 8.95)⥌penny
  ⥌1.49⥌WIESBAUER Fleischwurst*⥌;je 120 g (1 kg = 12.42)⥌penny
  ⥌2.99⥌FERRERO Mix-Pack*⥌;je 260 g (1 kg = 11.50)⥌penny
  ⥌2.99⥌HOMANN Bratheringsfilets oder Bismarckhering*⥌;je 700 g (1 kg = 8.54)⥌penny
  ⥌1.79⥌BERNBACHER Pasta XXL*⥌;je 1.000 g⥌penny
37⥌2.49⥌MIRÁCOLI Pastasauce*⥌;je 675 g (1 kg = 3.69)⥌penny
  ⥌2.99⥌HEINZ Tomato Ketchup*⥌;je 1.170 ml (1 l = 2.56)⥌penny
  ⥌2.99⥌HEINZ Mayonnaise*⥌;je 800 ml (1 l = 3.74)⥌penny
  ⥌1.99⥌VEGETA Würzmischung*⥌;je 300 g (1 kg = 6.63)⥌penny
40⥌1.19⥌FUNNY-FRISCH Jumpys*⥌;je 90 g (1 kg = 13.22)⥌penny
40⥌1.19⥌FUNNY-FRISCH Frit Sticks*⥌;je 120 g (1 kg = 9.92)⥌penny
38⥌1.79⥌LORENZ Erdnuß Locken XXL*⥌;je 210 g (1 kg = 8.52)⥌penny
38⥌1.79⥌LORENZ Crunchips XXL*⥌;je 220 g (1 kg = 8.14)⥌penny
41⥌3.49⥌BAHLSEN Pick up!*⥌;je 11 x 28 g (1 kg = 11.33)⥌penny
  ⥌3.99⥌NESTLÉ Mini Mix*⥌;je 321 g (1 kg = 12.43)⥌penny
50⥌3.99⥌NESTLÉ After Eight*⥌;je 400 g (1 kg = 9.98)⥌penny
27⥌1.59⥌NIMM2 Lachgummi⥌;je 376 g (1 kg = 4.23)⥌penny
31⥌1.99⥌MENTOS Kaubonbons*⥌;je 5 x 37,5 g (1 kg = 10.61)⥌penny
  ⥌1.99⥌WRIGLEY’S Airwaves*⥌;je 40 Stück⥌penny
  ⥌3.29⥌L’ORÉAL Men Expert Deo*⥌;je 250 ml (1 l = 13.16)⥌penny
  ⥌5.99⥌L’ORÉAL Men Expert Duschgel*⥌;je 1.000 ml⥌penny
  ⥌4.49⥌TEMPO Trio-Box*⥌;je 3 x 100 Blatt⥌penny
11⥌11.99⥌SPEE Gel*⥌;je 4,5 l (1 I = 2.66)⥌penny
11⥌11.99⥌WEIßER RIESE Universal Pulver*⥌;je 4,5 kg (1 kg = 2.66)⥌penny
16⥌4.99⥌ARIEL All in1 Pods Color⥌;je 313,5 g (1 kg = 15.92)⥌penny
16⥌4.99⥌ARIEL Universal Pulver⥌;je 900 g (1 kg = 5.54)⥌penny
  ⥌2.99⥌BEBE Gesichtspflege*⥌;je 50 ml (1 l = 59.80)⥌penny
  ⥌3.99⥌BEBE Reinigungstücher*⥌;je 2 x 25 Stück⥌penny
  ⥌3.49⥌TETESEPT Badeüberraschung*⥌;je Stück⥌penny
  ⥌3.99⥌TETESEPT Magnesium 500 + B12*⥌;je 42,8 g (1 kg = 93.22)⥌penny
13⥌1.29⥌SOFTLAN*⥌;je 1 I⥌penny
  ⥌5.99⥌WC FRISCH Selbst Aktiv*⥌;je 4 x 50 g (1 kg = 29.95)⥌penny
  ⥌5.99⥌WC FRISCH Kraft Aktiv*⥌;je 250 g (1 kg = 23.96)⥌penny
  ⥌9.45⥌SOMAT All in 1 Extra Tabs⥌;je 962,8 g (1 kg = 9.82)⥌penny
  ⥌3.95⥌BLIK All in 1 Geschirr-Reiniger Tabs⥌;je 850 g (1 kg = 4.65)⥌penny
  ⥌12.99⥌SOMAT All Excellence 3 in 1 Caps*⥌;je 1.547 g (1 kg = 8.40)⥌penny
  ⥌12.99⥌SOMAT All in 1 Extra Tabs*⥌;je 1,527 kg (1 kg = 8.49)⥌penny
40⥌1.49⥌VALENSINA Saft*⥌;je 1 l⥌penny
  ⥌1.25⥌VOLVIC Mineralwasser⥌;je 1,5 l (1 l = 0.83)⥌penny
  ⥌0.29⥌AQUIVA Mineralwasser⥌;je 1,5 l (1 l = 0.19)⥌penny
33⥌2.99⥌MM Extra Sekt*⥌;je 0,75 I (1 l = 3.99)⥌penny
  ⥌8.99⥌LÖRCH Schwarzwälder Kirschwasser oder Williams Christ Birnenbrand*⥌;mit App: je 0,7 I (1 l = 12.84); ohne App: je 0,7 I (1 l = 14.27)⥌penny
33⥌1.99⥌JIM BEAM Mischgetränk⥌;je 0,33 I (1 l = 6.03)⥌penny
  ⥌0.42⥌TURMBRÄU Malzgetränk⥌;je 0,5 I (1 l = 0.84)⥌penny
  ⥌0.49⥌TURMBRÄU Radler⥌;je 0,5 I (1 l = 0.98)⥌penny
  ⥌0.69⥌5,0 ORIGINAL⥌;je 0,5 I (1 l = 1.38)⥌penny
20⥌0.44⥌TURMBRÄU 0,0%⥌;mit App: je 0,5 l (1 l = 0.88); ohne App: je 0,5 l 0.55 (1 l = 1.10)⥌penny
24⥌2.10⥌TURMBRÄU Pils⥌;mit App: je 6 x 0,5 l (1 l = 0.70); ohne App: je 6 x 0,5 l 2.79 (1 l = 0.93)⥌penny
24⥌2.10⥌TURMBRÄU Export⥌;mit App: je 6 x 0,5 l (1 l = 0.70); ohne App: je 6 x 0,5 l 2.79 (1 l = 0.93)⥌penny
  ⥌1.69⥌Petunie*⥌;je Stück⥌penny
  ⥌1.69⥌Husarenknöpfchen*⥌;je Stück⥌penny
  ⥌1.99⥌Nelke Pink Kisses*⥌;je Stück⥌penny
  ⥌0.79⥌CHOCO'LA Alpen Vollmilch Schokolade⥌;je 100 g (1 kg = 7.90)⥌penny
  ⥌0.79⥌CHOCO'LA Alpenvollmilch Haselnuss Schokolade⥌;je 100 g (1 kg = 7.90)⥌penny
  ⥌0.89⥌CHOCO'LA Alpenvollmilch Traube-Nuss Schokolade⥌;je 200 g (1 kg = 8.90)⥌penny
  ⥌0.89⥌CHOCO'LA Noisette Schokolade⥌;je 100 g (1 kg = 8.90)⥌penny
  ⥌0.89⥌CHOCO'LA Bunte Schokolinsen Schokolade⥌;je 100 g (1 kg = 8.90)⥌penny
  ⥌0.89⥌CHOCO'LA Zartbitter Schokolade⥌;je 100 g (1 kg = 8.90)⥌penny
  ⥌0.89⥌CHOCO'LA Flecken Tafel Schokolade⥌;je 100 g (1 kg = 8.90)⥌penny
  ⥌0.89⥌CHOCO'LA Weisse Schokolade⥌;je 100 g (1 kg = 8.90)⥌penny
  ⥌0.89⥌CHOCO'LA Cookies & Cream Schokolade⥌;je 100 g (1 kg = 8.90)⥌penny
  ⥌0.89⥌CHOCO'LA Strawberry Yogurt Flavour Schokolade⥌;je 100 g (1 kg = 8.90)⥌penny
  ⥌2.19⥌CHOCO'LA Weisse Schokolade⥌;je 200 g (1 kg = 10.95)⥌penny
  ⥌2.19⥌CHOCO'LA Nuss Schokolade⥌;je 200 g (1 kg = 10.95)⥌penny
  ⥌2.19⥌CHOCO'LA Gefüllte Schokolade⥌;je 200 g (1 kg = 10.95)⥌penny
  ⥌2.19⥌CHOCO'LA Gefüllte Schokolade⥌;je 200 g (1 kg = 10.95)⥌penny
  ⥌2.19⥌CHOCO'LA Gefüllte Schokolade Karamell⥌;je 190 g (1 kg = 11.53)⥌penny
  ⥌1.19⥌CHOCO'LA Ganze Mandel Schokolade⥌;je 100 g (1 kg = 11.90)⥌penny
  ⥌1.19⥌CHOCO'LA Ganze Nuss Schokolade⥌;je 100 g (1 kg = 11.90)⥌penny
  ⥌1.19⥌CHOCO'LA Ganze Nuss Schokolade⥌;je 100 g (1 kg = 11.90)⥌penny
  ⥌1.79⥌SCHOGETTEN Schokolade⥌;je 100 g (1 kg = 17.90)⥌penny
  ⥌2.29⥌LINDENHOF Emmentaler Scheiben⥌;je 250 g (1 kg = 9.16)⥌penny
  ⥌2.19⥌LINDENHOF Cheddar⥌;je 175 g (1 kg = 12.51)⥌penny
  ⥌2.29⥌LINDENHOF Dänische Scheiben⥌;je 200 g (1 kg = 11.45)⥌penny
  ⥌1.49⥌LINDENHOF Allgäuer Art Schmelzkäsescheiben⥌;je 250 g (1 kg = 5.96)⥌penny
  ⥌1.49⥌LINDENHOF Frischkäsebecher⥌;je 200 g (1 kg = 7.45)⥌penny
  ⥌1.79⥌PETIT PARIS Franz. Weichkäse⥌;je 200 g (1 kg = 8.95)⥌penny
  ⥌1.89⥌PETIT PARIS Briespitze⥌;je 200 g (1 kg = 9.45)⥌penny
  ⥌6.99⥌MITAKOS Hirtenkäse⥌;je 1.500 g (1 kg = 6.99)⥌penny
  ⥌1.89⥌SAN FABIO Burrata⥌;je 250 g (1 kg = 15.12)⥌penny
  ⥌3.99⥌SAN FABIO Grana Padano⥌;je 200 g (1 kg = 19.95)⥌penny
  ⥌19.99⥌HEDURA Faltbare Sitztruhe mit Stauraum*⥌;je Stück⥌penny
  ⥌9.99⥌HOME IDEAS Living Frottier-Handtücher*⥌;je 4er-Packung⥌penny
  ⥌77.77⥌TEPRO Holzkohlegrill TORONTO CLICK*⥌;je Stück⥌penny
  ⥌4.99⥌Faltbare Lunchbox und mehr*⥌;je Set/Stück⥌penny
  ⥌6.99⥌Lunchbox*⥌;je Stück⥌penny
  ⥌6.99⥌Thermobecher*⥌;je Stück⥌penny
  ⥌6.99⥌Trinkflasche für Kinder*⥌;je Stück⥌penny
  ⥌4.99⥌Mini-Zerkleinerer*⥌;je Stück⥌penny
  ⥌4.99⥌HOME IDEAS Cooking Edelstahl-Einsatz für Heißluftfritteuse*⥌;je Stück⥌penny
  ⥌9.99⥌HEDURA Edelstahl-Küchenregal*⥌;je Stück⥌penny
  ⥌14.99⥌Regal für Mikrowellengerät*⥌;je Stück⥌penny
  ⥌1.99⥌Zauberglöckchen „Changing Colours“*⥌;je Stück⥌penny
  ⥌1.99⥌Männertreu*⥌;je Stück⥌penny
  ⥌3.79⥌Staude*⥌;je Stück⥌penny
  ⥌9.99⥌TRUE STYLE Herren-Retroshorts*⥌;je 5er-Packung⥌penny
33⥌19.99⥌ZURU MAX Bausteine-Set Blumenkollektion*⥌;je Set⥌penny
27⥌7.99⥌ZURU SNACKLES Überraschungskugel*⥌;je Stück⥌penny
63⥌7.19⥌MAUI Clogs oder Pantoletten für Kinder*⥌;je Stück⥌penny
54⥌3.49⥌WD-40 Multifunktionsöl*⥌;je 180-ml-Dose (1 l = 19.39)⥌penny
  ⥌3.99⥌Versch. Bohrer-Sets*⥌;je Set⥌penny
  ⥌1.99⥌Elektrozubehör*⥌;je Stück⥌penny
46⥌1.49⥌DANONE Activia*⥌;je 4 x 115 g (1 kg = 3.24)⥌penny
40⥌1.79⥌CASTELLO Käsescheiben*⥌;je 150 g (1 kg = 11.93)⥌penny
10⥌2.22⥌LINDENHOF Weichkäse⥌;je 200 g (1 kg = 11.10)⥌penny
50⥌0.49⥌MÜLLER Milch Reis⥌;je 200 g (1 kg = 2.45)⥌penny
24⥌2.49⥌MILRAM Hotties Grilltaler mit Käse*⥌;je 180 g (1 kg = 13.83)⥌penny
  ⥌1.59⥌BILLIE GREEN Vegane Schinkenwürfel⥌;je 90 g (1 kg = 17.67)⥌penny
46⥌1.99⥌ORIGINAL WAGNER Piccolinis*⥌;je 270 g (1 kg = 7.37)⥌penny
  ⥌4.99⥌Frischer Schweinenacken*⥌;je kg⥌penny
  ⥌4.99⥌MÜHLENHOF Frische Cevapcici*⥌;je 800-g-Packung (1 kg = 6.24)⥌penny
  ⥌1.49⥌STOCKMEYER Gebackene Hähnchenbrust*⥌;je 125 g (1 kg = 11.92)⥌penny
  ⥌1.49⥌BERGER Zillertaler Wurstaufschnitt*⥌;je 80 g (1 kg = 18.63)⥌penny
  ⥌2.22⥌Heidelbeeren*⥌;je 200-g-Schale (1 kg = 11.10)⥌penny
34⥌2.49⥌KÖLLN Knusper Hafer-Müsli*⥌;je 380 g (1 kg = 6.55)⥌penny
  ⥌1.99⥌MUTTI Pastasauce*⥌;je 400 g (1 kg = 4.98)⥌penny
41⥌0.99⥌THOMY Les Sauces⥌;je 250 ml (1 l = 3.96)⥌penny
25⥌25%Rabatt⥌Maggi-Sortiment⥌;⥌penny
23⥌2.29⥌SCHWARTAU Extra*⥌;je 300 g (1 kg = 7.63)⥌penny
36⥌1.59⥌TEEKANNE Ländertee⥌;je 50 g (1 kg = 31.80)⥌penny
28⥌1.99⥌JACOBS 3in1 Classic⥌;je 120 g (1 kg = 16.58)⥌penny
28⥌1.99⥌JACOBS 2in1 Classic⥌;je 124 g (1 kg = 16.05)⥌penny
30⥌2.99⥌NESCAFÉ Frappé*⥌;je 275 g (1 kg = 10.87)⥌penny
  ⥌2.49⥌TILLY Chinois*⥌;je 350 g (1 kg = 7.11)⥌penny
  ⥌2.49⥌TILLY Kaffeekuchen*⥌;je 400 g (1 kg = 6.23)⥌penny
  ⥌2.79⥌FEINY BISCUITS Spritzgebäck*⥌;je 450 g (1 kg = 6.20)⥌penny
25⥌1.49⥌MERCI Tafelschokolade*⥌;je 100 g (1 kg = 14.90)⥌penny
18⥌2.39⥌FERRERO Kinder délice*⥌;je 156 g (1 kg = 15.32)⥌penny
39⥌1.69⥌TOBLERONE*⥌;je 100 g (1 kg = 16.90)⥌penny
  ⥌5.99⥌SENSODYNE Zahncreme*⥌;je 3 x 75 ml (1 l = 26.62)⥌penny
  ⥌1.99⥌PALMOLIVE Flüssigseife*⥌;je 2 x 300 ml (1 l = 3.32)⥌penny
  ⥌1.99⥌PALMOLIVE Duschgel*⥌;je 2 x 250 ml (1 l = 3.98)⥌penny
  ⥌8.99⥌L’ORÉAL ELVITAL Shampoo*⥌;je 1 l⥌penny
  ⥌4.99⥌GLADE Automatic Spray Lufterfrischer*⥌;je 269 ml (1 l = 18.55)⥌penny
  ⥌2.99⥌FELIX Knabbermix⥌;je 200 g (1 kg = 14.95)⥌penny
  ⥌9.99⥌PURINA Gourmet Perle*⥌;je 24 x 85 g (1 kg = 4.90)⥌penny
  ⥌9.99⥌PURINA Gourmet Gold*⥌;je 24 x 85 g (1 kg = 4.90)⥌penny
31⥌1.49⥌COCA-COLA oder FANTA*⥌;je 2 l (1 l = 0.75)⥌penny
27⥌1.29⥌GRANINI Die Limo*⥌;je 1 l⥌penny
23⥌1.29⥌FUZE TEA*⥌;je 1,25 l (1 l = 1.03)⥌penny
23⥌0.99⥌CAPRI-SUN Fruchtsaftgetränk*⥌;je 0,33 l (1 l = 3.00)⥌penny
26⥌1.99⥌SUNLOLLY Wassereis*⥌;je 480 ml (1 l = 4.15)⥌penny
30⥌1.11⥌SOMERSBY Cider⥌;je 0,33 l (1 l = 3.36)⥌penny
33⥌1.99⥌TROPICA Fruchtweincocktail*⥌;je 0,75 l (1 l = 2.65)⥌penny
20⥌1.99⥌FRUCHTIG UND ACH WIE SÜß Weiß- oder Roséwein⥌;je 0,75 l (1 l = 2.65)⥌penny
34⥌1.11⥌CORONA Extra*⥌;je 0,5 l (1 l = 2.22)⥌penny
18⥌1.99⥌LINDENHOF Butterkäse⥌;je 400 g (1 kg = 4.98)⥌penny
58⥌0.49⥌EHRMANN Grand Dessert⥌;mit App: je 190 g (1 kg = 2.58); ohne App: je 190 g (1 kg = 3.11)⥌penny
23⥌2.99⥌FERRERO Kinder bueno Eis⥌;je 4 x 90 ml (1 l = 8.31)⥌penny
30⥌3.49⥌MÜHLENHOF Frische Hähnchen-Medaillons⥌;mit App: je 400-g-Packung (1 kg = 8.73); ohne App: je 400-g-Packung (1 kg = 9.98)⥌penny
28⥌1.99⥌STORCK Merci Petits⥌;mit App: je 200 g (1 kg = 9.95); ohne App: je 200 g (1 kg = 11.10)⥌penny
34⥌3.29⥌RAPSO Rapsöl⥌;mit App: je 750 ml (1 l = 4.39); ohne App: je 750 ml (1 l = 4.65)⥌penny
